Original Title,Title on Google Scholar,DOI,Year,Citation Link,Citation Counts on Google Scholar,orig_t_processed,gscholar_t_processed,simi_score
"#GirlGamers, Soldiers, and Public Relations: Analyzing Gender Representation in U.S. Army Esports",Random optimization,10.1093/joc/jqab051,2022,"https://scholar.google.com/scholar?cites=16237036322479766335&as_sdt=5,50&sciodt=0,50&hl=en",565,girlgamers soldiers and public relations analyzing gender representation in u s army esports,random optimization,0.21621621621621623
What Does #Freedom Look Like? Instagram and the Visual Imagination of Values,[HTML] How does foreign direct investment affect economic growth?,10.1093/joc/jqab021,2021,"https://scholar.google.com/scholar?cites=1792035769798986786&as_sdt=5,50&sciodt=0,50&hl=en",10280,what does freedom look like instagram and the visual imagination of values,html how does foreign direct investment affect economic growth,0.3088235294117647
"Intellectuals Debate #MeToo in China: Legitimizing Feminist Activism, Challenging Gendered Myths, and Reclaiming Feminism",[BOOK] European stories: Intellectual debates on Europe in national contexts,10.1093/joc/jqaa033,2020,"https://scholar.google.com/scholar?cites=6853870533933536006&as_sdt=5,50&sciodt=0,50&hl=en",132,intellectuals debate metoo in china legitimizing feminist activism challenging gendered myths and reclaiming feminism,book european stories intellectual debates on europe in national contexts,0.3894736842105263
"Past Debates, Fresh Impact on Nano-Enabled Food: A Multigroup Comparison of Presumed Media Influence Model Based on Spillover Effects of Attitude Toward Genetically Modified Food","Past debates, fresh impact on nano-enabled food: A multigroup comparison of presumed media influence model based on spillover effects of attitude toward …",10.1093/joc/jqaa019,2020,"https://scholar.google.com/scholar?cites=13485155294610962216&as_sdt=5,50&sciodt=0,50&hl=en",15,past debates fresh impact on nano enabled food a multigroup comparison of presumed media influence model based on spillover effects of attitude toward genetically modified food,past debates fresh impact on nano enabled food a multigroup comparison of presumed media influence model based on spillover effects of attitude toward,0.9202453987730062
"Toward an Aggregate, Implicit, and Dynamic Model of Norm Formation: Capturing Large-Scale Media Representations of Dynamic Descriptive Norms Through Automated and Crowdsourced Content Analysis","Toward an aggregate, implicit, and dynamic model of norm formation: Capturing large-scale media representations of dynamic descriptive norms through automated …",10.1093/joc/jqz033,2019,"https://scholar.google.com/scholar?cites=2660041350042795564&as_sdt=5,50&sciodt=0,50&hl=en",13,toward an aggregate implicit and dynamic model of norm formation capturing large scale media representations of dynamic descriptive norms through automated and crowdsourced content analysis,toward an aggregate implicit and dynamic model of norm formation capturing large scale media representations of dynamic descriptive norms through automated,0.9011627906976745
"Time to #Protest: Selective Exposure, Cascading Activation, and Framing in Social Media",The unreality of time,10.1093/joc/jqy007,2018,"https://scholar.google.com/scholar?cites=15920151430574857517&as_sdt=5,50&sciodt=0,50&hl=en",2580,time to protest selective exposure cascading activation and framing in social media,the unreality of time,0.07692307692307693
#CommunicationSoWhite,Random optimization,10.1093/joc/jqy003,2018,"https://scholar.google.com/scholar?cites=16237036322479766335&as_sdt=5,50&sciodt=0,50&hl=en",565,communicationsowhite,random optimization,0.46153846153846156
"Should Altruism, Solidarity, or Reciprocity be Used as Prosocial Appeals? Contrasting Conceptions of Members of the General Public and Medical Professionals Regarding Promoting Organ Donation","Should altruism, solidarity, or reciprocity be used as prosocial appeals? Contrasting conceptions of members of the general public and medical professionals …",10.1111/jcom.12267,2016,"https://scholar.google.com/scholar?cites=14013244324729181691&as_sdt=5,50&sciodt=0,50&hl=en",19,should altruism solidarity or reciprocity be used as prosocial appeals contrasting conceptions of members of the general public and medical professionals regarding promoting organ donation,should altruism solidarity or reciprocity be used as prosocial appeals contrasting conceptions of members of the general public and medical professionals,0.8973607038123167
Hijacking #MYNYPD: Social Media Dissent and Networked Counterpublics,[BOOK] Hijacking sustainability,10.1111/jcom.12185,2015,"https://scholar.google.com/scholar?cites=6537464878406959375&as_sdt=5,50&sciodt=0,50&hl=en",261,hijacking mynypd social media dissent and networked counterpublics,book hijacking sustainability,0.29473684210526313
"Fear and Anger Responses to Local News Coverage of Alcohol-Related Crimes, Accidents, and Injuries: Explaining News Effects on Policy Support Using a Representative Sample of Messages and People","Fear and anger responses to local news coverage of alcohol-related crimes, accidents, and injuries: Explaining news effects on policy support using a representative …",10.1111/jcom.12020,2013,"https://scholar.google.com/scholar?cites=2353302826935641087&as_sdt=5,50&sciodt=0,50&hl=en",65,fear and anger responses to local news coverage of alcohol related crimes accidents and injuries explaining news effects on policy support using a representative sample of messages and people,fear and anger responses to local news coverage of alcohol related crimes accidents and injuries explaining news effects on policy support using a representative,0.9147727272727273
"Theoretical Intersections Among Social Influences, Beliefs, and Intentions in the Context of 3G Mobile Services in Singapore: Decomposing Perceived Critical Mass and Subjective Norms","Theoretical intersections among social influences, beliefs, and intentions in the context of 3G mobile services in Singapore: Decomposing perceived critical mass and …",10.1111/j.1460-2466.2010.01532.x,2011,"https://scholar.google.com/scholar?cites=1575382112978635663&as_sdt=5,50&sciodt=0,50&hl=en",62,theoretical intersections among social influences beliefs and intentions in the context of g mobile services in singapore decomposing perceived critical mass and subjective norms,theoretical intersections among social influences beliefs and intentions in the context of g mobile services in singapore decomposing perceived critical mass and,0.9498525073746312
A New Look at Agenda-Setting Effects—Comparing the Predictive Power of Overall Political News Consumption and Specific News Media Consumption Across Different Media Channels and Media Types,A new look at agenda-setting effects—Comparing the predictive power of overall political news consumption and specific news media consumption across different …,10.1111/j.1460-2466.2010.01482.x,2010,"https://scholar.google.com/scholar?cites=11492758225301165209&as_sdt=5,50&sciodt=0,50&hl=en",111,a new look at agenda setting effects comparing the predictive power of overall political news consumption and specific news media consumption across different media channels and media types,a new look at agenda setting effects comparing the predictive power of overall political news consumption and specific news media consumption across different,0.9106628242074928
"A Test of Rivaling Approaches to Explain News Effects: News on Issue Positions of Parties, Real-World Developments, Support and Criticism, and Success and Failure","A test of rivaling approaches to explain news effects: A multi-wave panel study of agenda setting, social and economic conditions, the tone of the news, and horse race …",10.1111/j.1460-2466.2007.00347.x,2007,"https://scholar.google.com/scholar?cites=10844646965792526704&as_sdt=5,50&sciodt=0,50&hl=en",1,a test of rivaling approaches to explain news effects news on issue positions of parties real world developments support and criticism and success and failure,a test of rivaling approaches to explain news effects a multi wave panel study of agenda setting social and economic conditions the tone of the news and horse race,0.5171339563862928
Visual Elements in Public Journalism Newspapers in an Election: A Content Analysis of the Photographs and Graphics in Campaign 2000,[PDF] Use of visual communication in public journalism,10.1111/j.1460-2466.2004.tb02639.x,2004,"https://scholar.google.com/scholar?cites=15698600413356394263&as_sdt=5,50&sciodt=0,50&hl=en",22,visual elements in public journalism newspapers in an election a content analysis of the photographs and graphics in campaign,use of visual communication in public journalism,0.3583815028901734
"I'm Not a Real Doctor, but I Play One in Virtual Reality: Implications of Virtual Reality for Judgments about Reality",Implications of virtual reality for judgments about reality,10.1111/j.1460-2466.1992.tb00813.x,1992,"https://scholar.google.com/scholar?cites=1865054215046916721&as_sdt=5,50&sciodt=0,50&hl=en",200,i m not a real doctor but i play one in virtual reality implications of virtual reality for judgments about reality,implications of virtual reality for judgments about reality,0.6781609195402298
Toward a Theory of Press-State Relations in the United States,[CITATION] Toward aTheory of Press-State Relations in the,10.1111/j.1460-2466.1990.tb02265.x,1990,"https://scholar.google.com/scholar?cites=10619749604297748956&as_sdt=5,50&sciodt=0,50&hl=en",2,toward a theory of press state relations in the united states,toward atheory of press state relations in the,0.8598130841121495
Opening Japan's Telecommunications Market,Opening Japan's Telecommunications Policy,10.1111/j.1460-2466.1988.tb02039.x,1988,"https://scholar.google.com/scholar?cites=16652788164622103415&as_sdt=5,50&sciodt=0,50&hl=en",5,opening japan s telecommunications market,opening japan s telecommunications policy,0.8536585365853658
International Telecommunications: What Price Policy?: Toward a Theory of the State and Telecommunications Policy,Toward a Theory of the State and Telecommunications Policy.,10.1111/j.1460-2466.1988.tb02040.x,1988,"https://scholar.google.com/scholar?cites=12368678453637101970&as_sdt=5,50&sciodt=0,50&hl=en",94,international telecommunications what price policy toward a theory of the state and telecommunications policy,toward a theory of the state and telecommunications policy,0.6946107784431138
Diversity of News: “Marginalizing” the Opposition,Diversity of news,10.1111/j.1460-2466.1985.tb02454.x,1985,"https://scholar.google.com/scholar?cites=8946205759903008037&as_sdt=5,50&sciodt=0,50&hl=en",138,diversity of news marginalizing the opposition,diversity of news,0.5396825396825397
Why Pornography? Models of Functions and Effects,[PDF] Models of Functions and Effects,10.1111/j.1460-2466.1984.tb02179.x,1984,"https://scholar.google.com/scholar?cites=68619008553893471&as_sdt=5,50&sciodt=0,50&hl=en",29,why pornography models of functions and effects,models of functions and effects,0.7948717948717948
The “World of the News” Study,[CITATION] The “World of the news” study: Results of international cooperation,10.1111/j.1460-2466.1984.tb02990.x,1984,"https://scholar.google.com/scholar?cites=14443674501380267690&as_sdt=5,50&sciodt=0,50&hl=en",188,the world of the news study,the world of the news study results of international cooperation,0.5934065934065934
The International Flow of Television Programs,Television Traffic: A One-Way Street? A Survey and Analysis of the International Flow of Television Programme Material. Reports and Papers on Mass Communication …,10.1111/j.1460-2466.1984.tb02993.x,1984,"https://scholar.google.com/scholar?cites=14130720565060742023&as_sdt=5,50&sciodt=0,50&hl=en",639,the international flow of television programs,television traffic a one way street a survey and analysis of the international flow of television programme material reports and papers on mass communication,0.44554455445544555
Pornography and social science research,Pornography and social science research: Serious questions.….,10.1111/j.1460-2466.1983.tb02440.x,1983,"https://scholar.google.com/scholar?cites=3549633014937133626&as_sdt=5,50&sciodt=0,50&hl=en",17,pornography and social science research,pornography and social science research serious questions,0.8125
"The Portrayal of Driving on Television, 1975–1980",The Portrayal of Driving on Prime-time Commercial Television 1975-1979,10.1111/j.1460-2466.1983.tb02387.x,1983,"https://scholar.google.com/scholar?cites=14193400878244020180&as_sdt=5,50&sciodt=0,50&hl=en",2,the portrayal of driving on television,the portrayal of driving on prime time commercial television,0.7755102040816326
Producing TV's World: How Important is Community?,"[PDF] Producing TV's World: How Important Is Community, an Essay Review",10.1111/j.1460-2466.1982.tb00505.x,1982,"https://scholar.google.com/scholar?cites=11928874843720078593&as_sdt=5,50&sciodt=0,50&hl=en",3,producing tv s world how important is community,producing tv s world how important is community an essay review,0.8545454545454545
"A Rhetorical Profile of Religious News: Time, 1947–1976",[CITATION] A rhetorical profile of religious news,10.1111/j.1460-2466.1981.tb00428.x,1981,"https://scholar.google.com/scholar?cites=5826849614144533868&as_sdt=5,50&sciodt=0,50&hl=en",6,a rhetorical profile of religious news time,a rhetorical profile of religious news,0.9382716049382716
“Whistle Blowing”: Implications for Organizational Communication,Whistle Blowing: Implications for Organizational Communication Scholars.,10.1111/j.1460-2466.1980.tb02020.x,1980,"https://scholar.google.com/scholar?cites=14661015511457706125&as_sdt=5,50&sciodt=0,50&hl=en",111,whistle blowing implications for organizational communication,whistle blowing implications for organizational communication scholars,0.9312977099236641
Designing for the Participants,"[BOOK] Teletechniques, an instructional model for interactive teleconferencing",10.1111/j.1460-2466.1978.tb01639.x,1978,"https://scholar.google.com/scholar?cites=10432076382570420422&as_sdt=5,50&sciodt=0,50&hl=en",19,designing for the participants,book teletechniques an instructional model for interactive teleconferencing,0.26666666666666666
Mother vs. Commercial,[PDF] Children's TV commercials: A review of research,10.1111/j.1460-2466.1978.tb01569.x,1978,"https://scholar.google.com/scholar?cites=13278805228906953024&as_sdt=5,50&sciodt=0,50&hl=en",68,mother vs commercial,children s tv commercials a review of research,0.3939393939393939
Rewards for “Openness”,Demonstrating empathy for foreign-born employees through openness and acceptance: A quasi-experimental field study,10.1111/j.1460-2466.1978.tb01574.x,1978,"https://scholar.google.com/scholar?cites=7376067367079293113&as_sdt=5,50&sciodt=0,50&hl=en",18,rewards for openness,demonstrating empathy for foreign born employees through openness and acceptance a quasi experimental field study,0.24060150375939848
Women's Magazines and the Equal Rights Amendment: Friend or Foe?,Women's Magazines and the ERA: Friend or Foe?.,10.1111/j.1460-2466.1978.tb01584.x,1978,"https://scholar.google.com/scholar?cites=13509423606692275325&as_sdt=5,50&sciodt=0,50&hl=en",28,women s magazines and the equal rights amendment friend or foe,women s magazines and the era friend or foe,0.8
Experiencing Television News,[PDF] Watching TV news as para‐social interaction,10.1111/j.1460-2466.1977.tb01865.x,1977,"https://scholar.google.com/scholar?cites=322698771148165266&as_sdt=5,50&sciodt=0,50&hl=en",646,experiencing television news,watching tv news as para social interaction,0.3380281690140845
From Dog Sled to Dial Phone: A Cultural Gap?,From Dog Sled to Dial Phone: A Cultural Gap?--The Far North.,10.1111/j.1460-2466.1977.tb01867.x,1977,"https://scholar.google.com/scholar?cites=8430466640013852802&as_sdt=5,50&sciodt=0,50&hl=en",11,from dog sled to dial phone a cultural gap,from dog sled to dial phone a cultural gap the far north,0.8571428571428571
The Role of Radio in the Canadian North,The Role of Radio in the Canadian North--The Far North.,10.1111/j.1460-2466.1977.tb01868.x,1977,"https://scholar.google.com/scholar?cites=4453796491984894520&as_sdt=5,50&sciodt=0,50&hl=en",22,the role of radio in the canadian north,the role of radio in the canadian north the far north,0.8478260869565217
Television and the Canadian Eskimo: The Human Perspective,Television and the Canadian Eskimo: The Human Perspective--The Far North.,10.1111/j.1460-2466.1977.tb01869.x,1977,"https://scholar.google.com/scholar?cites=17147760328340875583&as_sdt=5,50&sciodt=0,50&hl=en",7,television and the canadian eskimo the human perspective,television and the canadian eskimo the human perspective the far north,0.8888888888888888
Anik I and Isolation: Television in the Lives of Canadian Eskimos,Anik I and Isolation: Television in the Lives of Canadian Eskimos--The Far North.,10.1111/j.1460-2466.1977.tb01870.x,1977,"https://scholar.google.com/scholar?cites=4411124173304990333&as_sdt=5,50&sciodt=0,50&hl=en",16,anik i and isolation television in the lives of canadian eskimos,anik i and isolation television in the lives of canadian eskimos the far north,0.9014084507042254
New Magic for Old: TV in Cree Culture,New Magic for Old: TV in Cree Culture--The Far North.,10.1111/j.1460-2466.1977.tb01871.x,1977,"https://scholar.google.com/scholar?cites=6326562217135956653&as_sdt=5,50&sciodt=0,50&hl=en",30,new magic for old tv in cree culture,new magic for old tv in cree culture the far north,0.8372093023255814
Television on the Bering Strait,Television on the Bering Strait--The Far North.,10.1111/j.1460-2466.1977.tb01875.x,1977,"https://scholar.google.com/scholar?cites=9745829728106731833&as_sdt=5,50&sciodt=0,50&hl=en",6,television on the bering strait,television on the bering strait the far north,0.8157894736842105
Mini-TV: The Case for Cassettes,Mini-TV: The Case for Cassettes--The Far North.,10.1111/j.1460-2466.1977.tb01876.x,1977,"https://scholar.google.com/scholar?cites=16497130782817664597&as_sdt=5,50&sciodt=0,50&hl=en",2,mini tv the case for cassettes,mini tv the case for cassettes the far north,0.8108108108108109
“Beneficial” Aggression,[BOOK] The silent language of psychotherapy: Social reinforcement of unconscious processes,10.1111/j.1460-2466.1977.tb02133.x,1977,"https://scholar.google.com/scholar?cites=13624710179913929003&as_sdt=5,50&sciodt=0,50&hl=en",381,beneficial aggression,book the silent language of psychotherapy social reinforcement of unconscious processes,0.25925925925925924
The Impact of “Instant Analysis”,Public affairs television and the growth of political malaise: The case of “The Selling of the Pentagon”,10.1111/j.1460-2466.1977.tb01822.x,1977,"https://scholar.google.com/scholar?cites=13030845985324186671&as_sdt=5,50&sciodt=0,50&hl=en",1101,the impact of instant analysis,public affairs television and the growth of political malaise the case of the selling of the pentagon,0.21374045801526717
Movements with Precise Meanings,"[CITATION] Movements with Precise Meanings:'Journal ofCommunication, 26. Ekinan, P, and Friesen, W (1969)",10.1111/j.1460-2466.1976.tb01898.x,1976,"https://scholar.google.com/scholar?cites=10163610670711779107&as_sdt=5,50&sciodt=0,50&hl=en",2,movements with precise meanings,movements with precise meanings journal ofcommunication ekinan p and friesen w,0.5688073394495413
What is Funny to Whom?,What is funny to whom? The role of gender.,10.1111/j.1460-2466.1976.tb01920.x,1976,"https://scholar.google.com/scholar?cites=2954225197754505653&as_sdt=5,50&sciodt=0,50&hl=en",211,what is funny to whom,what is funny to whom the role of gender,0.6885245901639344
Radio vs. TV: The Effect of the Medium,Setting the Political Agenda: Radio vs. TV: The Effect of the Medium.,10.1111/j.1460-2466.1976.tb01376.x,1976,"https://scholar.google.com/scholar?cites=14195337292473174040&as_sdt=5,50&sciodt=0,50&hl=en",62,radio vs tv the effect of the medium,setting the political agenda radio vs tv the effect of the medium,0.7128712871287128
Living with Television: The Violence Profile,TV violence profile no. 8: The highlights,10.1111/j.1460-2466.1976.tb01397.x,1976,"https://scholar.google.com/scholar?cites=13126373591770950458&as_sdt=5,50&sciodt=0,50&hl=en",393,living with television the violence profile,tv violence profile no the highlights,0.45
Presidential Television,Setting the Political Agenda: Presidential Television.,10.1111/j.1460-2466.1976.tb01383.x,1976,"https://scholar.google.com/scholar?cites=14603201702938287285&as_sdt=5,50&sciodt=0,50&hl=en",12,presidential television,setting the political agenda presidential television,0.6133333333333333
Recommendations for Priorities,Cognitive‐behavioral therapy in the time of coronavirus: Clinician tips for working with eating disorders via telehealth when face‐to‐face meetings are not possible,10.1111/j.1460-2466.1976.tb01388.x,1976,"https://scholar.google.com/scholar?cites=5349247936061748419&as_sdt=5,50&sciodt=0,50&hl=en",122,recommendations for priorities,cognitive behavioral therapy in the time of coronavirus clinician tips for working with eating disorders via telehealth when face to face meetings are not possible,0.21761658031088082
The Japanese Experience,Sesame Street Around the World: The Japanese Experience.,10.1111/j.1460-2466.1976.tb01392.x,1976,"https://scholar.google.com/scholar?cites=17677556007179607622&as_sdt=5,50&sciodt=0,50&hl=en",8,the japanese experience,sesame street around the world the japanese experience,0.5974025974025974
The Educational Impact,Sesame Street Around the World: The Educational Impact.,10.1111/j.1460-2466.1976.tb01395.x,1976,"https://scholar.google.com/scholar?cites=4092110682368111613&as_sdt=5,50&sciodt=0,50&hl=en",18,the educational impact,sesame street around the world the educational impact,0.5866666666666667
The Social Content of Pornography,Explicit sex: Liberation or exploitation? The social content of pornography.,10.1111/j.1460-2466.1976.tb01351.x,1976,"https://scholar.google.com/scholar?cites=3415405062303201623&as_sdt=5,50&sciodt=0,50&hl=en",214,the social content of pornography,explicit sex liberation or exploitation the social content of pornography,0.6226415094339622
Danish “Permissiveness” Revisited,"Explicit Sex--Liberation or Exploitation: Danish"" Permissiveness"" Revisited.",10.1111/j.1460-2466.1976.tb01355.x,1976,"https://scholar.google.com/scholar?cites=9754708126255477078&as_sdt=5,50&sciodt=0,50&hl=en",28,danish permissiveness revisited,explicit sex liberation or exploitation danish permissiveness revisited,0.6078431372549019
Positive Social Learning,Saturday morning television: A profile of the 1974–75 children's season,10.1111/j.1460-2466.1975.tb00643.x,1975,"https://scholar.google.com/scholar?cites=671128540842135161&as_sdt=5,50&sciodt=0,50&hl=en",39,positive social learning,saturday morning television a profile of the children s season,0.13953488372093023
Communication for Health: Unselling Heart Disease,[PDF] The community-based strategy to prevent coronary heart disease: conclusions from the ten years of the North Karelia project,10.1111/j.1460-2466.1975.tb00613.x,1975,"https://scholar.google.com/scholar?cites=13563500436850889666&as_sdt=5,50&sciodt=0,50&hl=en",736,communication for health unselling heart disease,the community based strategy to prevent coronary heart disease conclusions from the ten years of the north karelia project,0.3058823529411765
"Talking with the Doctor, 1",[BOOK] Studies in Discourse Analysis (RLE Linguistics B: Grammar),10.1111/j.1460-2466.1975.tb00616.x,1975,"https://scholar.google.com/scholar?cites=11416138149785042007&as_sdt=5,50&sciodt=0,50&hl=en",103,talking with the doctor,book studies in discourse analysis rle linguistics b grammar,0.21686746987951808
"Talking with the Doctor, 2",Talking with the doctor: II.,10.1111/j.1460-2466.1975.tb00617.x,1975,"https://scholar.google.com/scholar?cites=13691339167638278653&as_sdt=5,50&sciodt=0,50&hl=en",93,talking with the doctor,talking with the doctor ii,0.9387755102040817
A Dialogue on Technology Assessment: The Video Telephone - Critique and Rejoinder,A Dialogue on Technology Assessment; The Video Telephone Critique and Rejoinder. Publication No. 75-1.,10.1111/j.1460-2466.1974.tb00420.x,1974,"https://scholar.google.com/scholar?q=related:zdsTPbeQ-tMJ:scholar.google.com/&scioq=A+Dialogue+on+Technology+Assessment:+The+Video+Telephone+-+Critique+and+Rejoinder,+Journal+of+Communication,+Anthony+G.+Oettinger&hl=en&as_sdt=0,50",0,a dialogue on technology assessment the video telephone critique and rejoinder,a dialogue on technology assessment the video telephone critique and rejoinder publication no,0.9122807017543859
Myth in Communication,"[CITATION] Myth in Communication,"" The Journal of Communication, 20 (Mar. 1970), 17-31 and AJM Sykes",10.1111/j.1460-2466.1970.tb00861.x,1970,"https://scholar.google.com/scholar?cites=18197054763153121306&as_sdt=5,50&sciodt=0,50&hl=en",2,myth in communication,myth in communication the journal of communication mar and ajm sykes,0.47191011235955055
Attitude Convergence in Small Groups,[BOOK] Attitude convergence in small groups,10.1111/j.1460-2466.1965.tb01344.x,1965,"https://scholar.google.com/scholar?cites=13106417626297269962&as_sdt=5,50&sciodt=0,50&hl=en",16,attitude convergence in small groups,book attitude convergence in small groups,0.935064935064935
Communication and the Labor-Management Mediation Process: Some Aspects and Hypotheses,Communication research and the American labor union,10.1111/j.1460-2466.1965.tb01328.x,1965,"https://scholar.google.com/scholar?cites=14338170351032324930&as_sdt=5,50&sciodt=0,50&hl=en",8,communication and the labor management mediation process some aspects and hypotheses,communication research and the american labor union,0.4740740740740741
I. I Have Symptoms,[BOOK] The Digital Banal: New Media and American Literature and Culture,10.1111/j.1460-2466.1964.tb02339.x,1964,"https://scholar.google.com/scholar?cites=16253363928444162678&as_sdt=5,50&sciodt=0,50&hl=en",57,i i have symptoms,book the digital banal new media and american literature and culture,0.1411764705882353
A Rationale for the College Communication Course,[CITATION] A RATIONALE FOR THE COLLEGE COMMUNICATION,10.1111/j.1460-2466.1960.tb00513.x,1960,"https://scholar.google.com/scholar?q=related:VAV75dWYItQJ:scholar.google.com/&scioq=A+Rationale+for+the+College+Communication+Course,+Journal+of+Communication,+Howard+H.+Dean&hl=en&as_sdt=0,50",0,a rationale for the college communication course,a rationale for the college communication,0.9213483146067416
Interlingua,[BOOK] Interlingua-English: a dictionary of the international language,10.1111/j.1460-2466.1955.tb01101.x,1955,"https://scholar.google.com/scholar?cites=5416434810954727121&as_sdt=5,50&sciodt=0,50&hl=en",24,interlingua,book interlingua english a dictionary of the international language,0.28205128205128205
Rumors in a Disaster,"[BOOK] Rumors in a Disaster, Observation of the Rumors and Concomitant Factors in a Disaster Situation",10.1111/j.1460-2466.1954.tb00239.x,1954,"https://scholar.google.com/scholar?cites=18323822731299713407&as_sdt=5,50&sciodt=0,50&hl=en",22,rumors in a disaster,book rumors in a disaster observation of the rumors and concomitant factors in a disaster situation,0.33613445378151263
Communication in Industry,A new era of minimal effects? The changing foundations of political communication,10.1111/j.1460-2466.1952.tb00195.x,1952,"https://scholar.google.com/scholar?cites=1672898830476441185&as_sdt=5,50&sciodt=0,50&hl=en",2108,communication in industry,a new era of minimal effects the changing foundations of political communication,0.24761904761904763
"Why Do People Share Ideologically Extreme, False, and Misleading Content on Social Media? A Self-Report and Trace Data–Based Analysis of Countermedia Content Dissemination on Facebook and Twitter","Why do people share ideologically extreme, false, and misleading content on social media? A self-report and trace data–based analysis of countermedia content …",10.1093/hcr/hqz022,2020,"https://scholar.google.com/scholar?cites=3827594964253996271&as_sdt=5,50&sciodt=0,50&hl=en",71,why do people share ideologically extreme false and misleading content on social media a self report and trace data based analysis of countermedia content dissemination on facebook and twitter,why do people share ideologically extreme false and misleading content on social media a self report and trace data based analysis of countermedia content,0.8901734104046243
The Implications of Computer-Mediated Communication (Cmc) for Social Support Message Processing and Outcomes: When and Why Are the Effects of Support Messages Strengthened during Cmc?,The implications of computer-mediated communication (CMC) for social support message processing and outcomes: When and why are the effects of support …,10.1111/hcre.12087,2016,"https://scholar.google.com/scholar?cites=7476023868001487307&as_sdt=5,50&sciodt=0,50&hl=en",42,the implications of computer mediated communication cmc for social support message processing and outcomes when and why are the effects of support messages strengthened during cmc,the implications of computer mediated communication cmc for social support message processing and outcomes when and why are the effects of support,0.8984615384615384
The Associations Between Parents' References to Their Own past Substance Use and Youth's Substance-Use Beliefs and Behaviors: a Comparison of Latino and European American Youth,The associations between parents' references to their own past substance use and youth's substance-use beliefs and behaviors: a comparison of Latino and …,10.1111/hcre.12001,2013,"https://scholar.google.com/scholar?cites=7980401043294600799&as_sdt=5,50&sciodt=0,50&hl=en",45,the associations between parents references to their own past substance use and youth s substance use beliefs and behaviors a comparison of latino and european american youth,the associations between parents references to their own past substance use and youth s substance use beliefs and behaviors a comparison of latino and,0.9259259259259259
Communication Processes That Mediate Family Communication Patterns and Mental Well-Being: A Mean and Covariance Structures Analysis of Young Adults from Divorced and Nondivorced Families,Communication processes that mediate family communication patterns and mental well-being: A mean and covariance structures analysis of young adults from …,10.1111/j.1468-2958.2007.00302.x,2007,"https://scholar.google.com/scholar?cites=17276367372629970567&as_sdt=5,50&sciodt=0,50&hl=en",175,communication processes that mediate family communication patterns and mental well being a mean and covariance structures analysis of young adults from divorced and nondivorced families,communication processes that mediate family communication patterns and mental well being a mean and covariance structures analysis of young adults from,0.8988095238095238
"Distinctiveness and Influence of Subjective Norms, Personal Descriptive and Injunctive Norms, and Societal Descriptive and Injunctive Norms on Behavioral Intent: A Case of Two Behaviors Critical to Organ Donation","Distinctiveness and influence of subjective norms, personal descriptive and injunctive norms, and societal descriptive and injunctive norms on behavioral intent: A …",10.1111/j.1468-2958.2007.00296.x,2007,"https://scholar.google.com/scholar?cites=10069821016834771914&as_sdt=5,50&sciodt=0,50&hl=en",461,distinctiveness and influence of subjective norms personal descriptive and injunctive norms and societal descriptive and injunctive norms on behavioral intent a case of two behaviors critical to organ donation,distinctiveness and influence of subjective norms personal descriptive and injunctive norms and societal descriptive and injunctive norms on behavioral intent a,0.8672086720867209
Coupling Longitudinal Data and Multilevel Modeling to Examine the Antecedents and Consequences of Jealousy Experiences in Romantic Relationships: A Test of the Relational Turbulence Model,Coupling longitudinal data and multilevel modeling to examine the antecedents and consequences of jealousy experiences in romantic relationships: A test of the …,10.1111/j.1468-2958.2006.00284.x,2006,"https://scholar.google.com/scholar?cites=12706603557066158637&as_sdt=5,50&sciodt=0,50&hl=en",153,coupling longitudinal data and multilevel modeling to examine the antecedents and consequences of jealousy experiences in romantic relationships a test of the relational turbulence model,coupling longitudinal data and multilevel modeling to examine the antecedents and consequences of jealousy experiences in romantic relationships a test of the,0.9186046511627907
Detecting Deceit Via Analyses of Verbal and Nonverbal Behavior in Children and Adults,Detecting deceit via analysis of verbal and nonverbal behavior,10.1111/j.1468-2958.2004.tb00723.x,2004,"https://scholar.google.com/scholar?cites=1112707518324092203&as_sdt=5,50&sciodt=0,50&hl=en",631,detecting deceit via analyses of verbal and nonverbal behavior in children and adults,detecting deceit via analysis of verbal and nonverbal behavior,0.8299319727891157
Experimental Tests of Normative Group Influence and Representation Effects in Computer-Mediated Communication: When Interacting Via Computers Differs From Interacting With Computers,Experimental tests of normative group influence and representation effects in computer-mediated communication: When interacting via computers differs from …,10.1111/j.1468-2958.2002.tb00812.x,2002,"https://scholar.google.com/scholar?cites=7236299675126063927&as_sdt=5,50&sciodt=0,50&hl=en",179,experimental tests of normative group influence and representation effects in computer mediated communication when interacting via computers differs from interacting with computers,experimental tests of normative group influence and representation effects in computer mediated communication when interacting via computers differs from,0.918918918918919
What You Don't Know Won't Hurt Me:: Impression Management Functions of Communication Channels in Relationships,[BOOK] What you don't know won't hurt me: strategic self-presentational uses of interpersonal communication technology in close relationships,10.1111/j.1468-2958.2000.tb00763.x,2000,"https://scholar.google.com/scholar?q=related:M2j0-uUn-3oJ:scholar.google.com/&scioq=What+You+Don%27t+Know+Won%27t+Hurt+Me::+Impression+Management+Functions+of+Communication+Channels+in+Relationships,+Human+Communication+Research,+Patrick+B.+O%27Sullivan&hl=en&as_sdt=0,50",0,what you don t know won t hurt me impression management functions of communication channels in relationships,book what you don t know won t hurt me strategic self presentational uses of interpersonal communication technology in close relationships,0.6991869918699187
Strategies at the Edge: Negotiating Relational Borders,Colloquy: Strategies at the Edge: Negotiating Relational Borders.,10.1111/j.1468-2958.2000.tb00767.x,2000,"https://scholar.google.com/scholar?cites=13426260746037498544&as_sdt=5,50&sciodt=0,50&hl=en",2,strategies at the edge negotiating relational borders,colloquy strategies at the edge negotiating relational borders,0.9217391304347826
The Role of Source Confusion in Cultivation Effects May Depend on Processing Strategy: A Comment on Mares (1996),The role of source confusions in television's cultivation of social reality judgments,10.1111/j.1468-2958.1997.tb00418.x,1997,"https://scholar.google.com/scholar?cites=4895478009774518378&as_sdt=5,50&sciodt=0,50&hl=en",142,the role of source confusion in cultivation effects may depend on processing strategy a comment on mares,the role of source confusions in television s cultivation of social reality judgments,0.582010582010582
Anticipated Ongoing Interaction versus Channel Effects on Relational Communication in Computer-Mediated Interaction,Relational communication in computer‐mediated interaction,10.1111/j.1468-2958.1994.tb00332.x,1994,"https://scholar.google.com/scholar?cites=6307154257003270549&as_sdt=5,50&sciodt=0,50&hl=en",1877,anticipated ongoing interaction versus channel effects on relational communication in computer mediated interaction,relational communication in computer mediated interaction,0.6627906976744186
Normative Images of Communication Media: Mass and Interpersonal Channels in the New Media Environment,Normative images of communication media mass and interpersonal channels in the new media environment: mass and interpersonal channels in the new media …,10.1111/j.1468-2958.1993.tb00310.x,1993,"https://scholar.google.com/scholar?cites=245136315679061924&as_sdt=5,50&sciodt=0,50&hl=en",403,normative images of communication media mass and interpersonal channels in the new media environment,normative images of communication media mass and interpersonal channels in the new media environment mass and interpersonal channels in the new media,0.8032128514056225
We Interrupt This Program …: Attention for Television Sequences,We Interrupt This Program. Attention for Television Sequences: Attention for Television Sequences,10.1111/j.1468-2958.1993.tb00306.x,1993,"https://scholar.google.com/scholar?cites=2161533459992896404&as_sdt=5,50&sciodt=0,50&hl=en",49,we interrupt this program attention for television sequences,we interrupt this program attention for television sequences attention for television sequences,0.7741935483870968
The Effects of Vocalics and Nonverbal Sensitivity on Compliance: A Speech Accommodation Theory Explanation,The effects of vocalics and nonverbal sensitivity on compliance: A replication and extension,10.1111/j.1468-2958.1988.tb00159.x,1988,"https://scholar.google.com/scholar?cites=16337415199481840596&as_sdt=5,50&sciodt=0,50&hl=en",110,the effects of vocalics and nonverbal sensitivity on compliance a speech accommodation theory explanation,the effects of vocalics and nonverbal sensitivity on compliance a replication and extension,0.826530612244898
Male/Female Language Differences and Attributional Consequences in Children's Television,Male/female language differences and attributional consequences in a public speaking situation: Toward an explanation of the gender‐linked language effect,10.1111/j.1468-2958.1985.tb00057.x,1985,"https://scholar.google.com/scholar?cites=1738745688784487025&as_sdt=5,50&sciodt=0,50&hl=en",165,male female language differences and attributional consequences in children s television,male female language differences and attributional consequences in a public speaking situation toward an explanation of the gender linked language effect,0.6224066390041494
Events that Increase Uncertainty in Personal Relationships,Events that increase uncertainty in personal relationships sally planalp,10.1111/j.1468-2958.1985.tb00062.x,1985,"https://scholar.google.com/scholar?cites=2523659644156259822&as_sdt=5,50&sciodt=0,50&hl=en",429,events that increase uncertainty in personal relationships,events that increase uncertainty in personal relationships sally planalp,0.8923076923076924
Talk and Silence Sequences in Informal Conversations II,Talk and silence sequences in informal conversations III: Interspeaker influence,10.1111/j.1468-2958.1980.tb00133.x,1980,"https://scholar.google.com/scholar?cites=8548896140461185951&as_sdt=5,50&sciodt=0,50&hl=en",421,talk and silence sequences in informal conversations ii,talk and silence sequences in informal conversations iii interspeaker influence,0.8208955223880597
Measures of Communication Satisfaction,"[PDF] Hecht. Michael L. MEASURES OF COMMUNICATION SATISFACTION, Human Communication Research, 4: 4 (1978: Summer) p. 350",10.1111/j.1468-2958.1978.tb00721.x,1978,"https://scholar.google.com/scholar?cites=4395684471548100945&as_sdt=5,50&sciodt=0,50&hl=en",337,measures of communication satisfaction,hecht michael l measures of communication satisfaction human communication research summer p,0.5846153846153846
Children’s Perceptions of Television Characters,[BOOK] Children's perceptions of television characters,10.1111/j.1468-2958.1977.tb00510.x,1977,"https://scholar.google.com/scholar?cites=14463971054107168481&as_sdt=5,50&sciodt=0,50&hl=en",2,children s perceptions of television characters,book children s perceptions of television characters,0.9494949494949495
"The Effects of Observer Expectations, Task Ambiguity, and Medium of Presentation on Low- and High-Inference Judgments of Communicative Behavior","THE EFFECTS OF OBSERVER EXPECTATIONS, TASK AMBIGUITY, AND MEDIUM OF PRESENTATION ON LOW‐AND HIGH‐INFERENCE JUDGMENTS OF …",10.1111/j.1468-2958.1975.tb00260.x,1975,"https://scholar.google.com/scholar?cites=10837362167816252454&as_sdt=5,50&sciodt=0,50&hl=en",8,the effects of observer expectations task ambiguity and medium of presentation on low and high inference judgments of communicative behavior,the effects of observer expectations task ambiguity and medium of presentation on low and high inference judgments of,0.9105058365758755
Organizational Crisis Communication: Suboptimal Crisis Response Selection Decisions and Behavioral Economics,[CITATION] Suboptimal crisis response selection decisions and behavioral economics,10.1093/ct/qtz002,2020,"https://scholar.google.com/scholar?q=related:wnq6HnfkV0IJ:scholar.google.com/&scioq=Organizational+Crisis+Communication:+Suboptimal+Crisis+Response+Selection+Decisions+and+Behavioral+Economics,+Communication+Theory,+An-Sofie+Claeys&hl=en&as_sdt=0,50",0,organizational crisis communication suboptimal crisis response selection decisions and behavioral economics,suboptimal crisis response selection decisions and behavioral economics,0.797752808988764
"Here and There: (Re)Situating Latin America in International Communication Theory:
Aquí y allá: (re)situando a América Latina en la teoría de la comunicación internacional
Aqui e lá: (re)situando a América Latina na teoria da comunicação internacional",Here and There:(Re) Situating Latin America in International Communication Theory: Aquí y allá:(re) situando a América Latina en la teoría de la comunicación …,10.1093/ct/qty005,2018,"https://scholar.google.com/scholar?cites=1582565330802632575&as_sdt=5,50&sciodt=0,50&hl=en",50,here and there re situating latin america in international communication theory aqu y all re situando a am rica latina en la teor a de la comunicaci n internacional aqui e l re situando a am rica latina na teoria da comunica o internacional,here and there re situating latin america in international communication theory aqu y all re situando a am rica latina en la teor a de la comunicaci n,0.7692307692307693
"A Latin American Approach to Mediatization: Specificities and Contributions to a Global Discussion About How the Media Shape Contemporary Societies:
Un enfoque latinoamericano de la mediatización: especificidades y contribuciones a una discusión global sobre cómo los medios dan forma a las sociedades contemporáneas
Midiatização sob uma abordagem latino-americana: especificidades e contribuições para uma discussão global sobre como os meios de comunicação vem delineando as sociedades contemporâneas",A Latin American Approach to Mediatization: Specificities and Contributions to a Global Discussion About How the Media Shape Contemporary Societies: Un enfoque …,10.1093/ct/qtx004,2018,"https://scholar.google.com/scholar?cites=12382378694828835180&as_sdt=5,50&sciodt=0,50&hl=en",24,a latin american approach to mediatization specificities and contributions to a global discussion about how the media shape contemporary societies un enfoque latinoamericano de la mediatizaci n especificidades y contribuciones a una discusi n global sobre c mo los medios dan forma a las sociedades contempor neas midiatiza o sob uma abordagem latino americana especificidades e contribui es para uma discuss o global sobre como os meios de comunica o vem delineando as sociedades contempor neas,a latin american approach to mediatization specificities and contributions to a global discussion about how the media shape contemporary societies un enfoque,0.4815950920245399
"From Media to Buen Vivir: Latin American Approaches to Indigenous Communication:
De los medios al Buen Vivir: enfoques latinoamericanos de la comunicación indígena
Das Mídias ao Buen Vivir: Abordagens Latino-Americanas para a Comunicação Indígena",From Media to Buen Vivir: Latin American Approaches to Indigenous Communication: De los medios al Buen Vivir: enfoques latinoamericanos de la comunicación …,10.1093/ct/qty004,2018,"https://scholar.google.com/scholar?cites=6912318797697623810&as_sdt=5,50&sciodt=0,50&hl=en",28,from media to buen vivir latin american approaches to indigenous communication de los medios al buen vivir enfoques latinoamericanos de la comunicaci n ind gena das m dias ao buen vivir abordagens latino americanas para a comunica o ind gena,from media to buen vivir latin american approaches to indigenous communication de los medios al buen vivir enfoques latinoamericanos de la comunicaci n,0.7704081632653061
"Communication Research in Argentina (2001–2015): Between Expansion and Intellectual Intervention:
Investigación en comunicación en la Argentina (2001-2015): entre la expansión y la intervención intelectual
A pesquisa em comunicação na Argentina (2001-2015) – Entre expansão e intervenção intelectual",Communication Research in Argentina (2001–2015): Between Expansion and Intellectual Intervention: Investigación en comunicación en la Argentina (2001-2015) …,10.1093/ct/qtx012,2018,"https://scholar.google.com/scholar?cites=10881942375483694672&as_sdt=5,50&sciodt=0,50&hl=en",6,communication research in argentina between expansion and intellectual intervention investigaci n en comunicaci n en la argentina entre la expansi n y la intervenci n intelectual a pesquisa em comunica o na argentina entre expans o e interven o intelectual,communication research in argentina between expansion and intellectual intervention investigaci n en comunicaci n en la argentina,0.6701298701298701
"Transnational Feminism, Global Governance, and the Reimagination of the Organization–Society Relationship: A Case Study of the Women's Environment and Development Organization","Transnational feminism, global governance, and the reimagination of the organization–society relationship: A case study of the Women's Environment and …",10.1111/comt.12063,2015,"https://scholar.google.com/scholar?cites=1136612424030538942&as_sdt=5,50&sciodt=0,50&hl=en",20,transnational feminism global governance and the reimagination of the organization society relationship a case study of the women s environment and development organization,transnational feminism global governance and the reimagination of the organization society relationship a case study of the women s environment and,0.9216300940438872
"Listening, Thinking, Being","[BOOK] Listening, thinking, being: Toward an ethics of attunement",10.1111/j.1468-2885.2010.01366.x,2010,"https://scholar.google.com/scholar?cites=1868176408513942624&as_sdt=5,50&sciodt=0,50&hl=en",198,listening thinking being,book listening thinking being toward an ethics of attunement,0.5714285714285714
Of Glitch and Men: The Place of the Human in the Successful Integration of Failure and Noise in the Digital Realm,German Abstract,10.1111/j.1468-2885.2007.00286.x,2007,"https://scholar.google.com/scholar?cites=9113339019408785925&as_sdt=5,50&sciodt=0,50&hl=en",41,of glitch and men the place of the human in the successful integration of failure and noise in the digital realm,german abstract,0.15748031496062992
To Identify or Not to Identify: A Theoretical Model of Receiver Responses to Anonymous Communication,(Dis) connections in anonymous communication theory: Exploring conceptualizations of anonymity in communication research,10.1111/j.1468-2885.2007.00288.x,2007,"https://scholar.google.com/scholar?cites=140903613910400572&as_sdt=5,50&sciodt=0,50&hl=en",5,to identify or not to identify a theoretical model of receiver responses to anonymous communication,dis connections in anonymous communication theory exploring conceptualizations of anonymity in communication research,0.2962962962962963
Flow and Media Enjoyment,[CITATION] Flow and media enjoyment. Communication Theory,10.1111/j.1468-2885.2004.tb00318.x,2004,"https://scholar.google.com/scholar?cites=17139255159220639187&as_sdt=5,50&sciodt=0,50&hl=en",3,flow and media enjoyment,flow and media enjoyment communication theory,0.6956521739130435
Organizing for Social Change Through Cooperative Action:,Organizing for social change through cooperative action: The [dis] empowering dimensions of women's communication,10.1111/j.1468-2885.2000.tb00181.x,2000,"https://scholar.google.com/scholar?cites=9341386009733490148&as_sdt=5,50&sciodt=0,50&hl=en",79,organizing for social change through cooperative action,organizing for social change through cooperative action the dis empowering dimensions of women s communication,0.6666666666666666
Interpersonal Deception Theory,[CITATION] Interpesonal Deception Theory (Communication Theory),10.1111/j.1468-2885.1996.tb00127.x,1996,"https://scholar.google.com/scholar?cites=7245669874972184217&as_sdt=5,50&sciodt=0,50&hl=en",2,interpersonal deception theory,interpesonal deception theory communication theory,0.725
lnterpersonal Deception Theory: Theories About Deception and Paradigms for Studying It: A Critical Appraisal of Buller and Burgoon's lnterpersonal Deception Theory and Research,[CITATION] lnterpersonal Deception Theory: Theories About Deception and Paradigms for Studying It: A Critical Appraisal of Buller and Burgoon's lnterpersonal …,10.1111/j.1468-2885.1996.tb00131.x,1996,"https://scholar.google.com/scholar?cites=2272128016739966774&as_sdt=5,50&sciodt=0,50&hl=en",5,lnterpersonal deception theory theories about deception and paradigms for studying it a critical appraisal of buller and burgoon s lnterpersonal deception theory and research,lnterpersonal deception theory theories about deception and paradigms for studying it a critical appraisal of buller and burgoon s lnterpersonal,0.9056603773584906
Interpersonal Deception Theory: Reflections on the Nature of Theory Building and the Theoretical Status of Interpersonal Deception Theory,Interpersonal deception theory,10.1111/j.1468-2885.1996.tb00132.x,1996,"https://scholar.google.com/scholar?cites=15970180783398410912&as_sdt=5,50&sciodt=0,50&hl=en",1647,interpersonal deception theory reflections on the nature of theory building and the theoretical status of interpersonal deception theory,interpersonal deception theory,0.3614457831325301
The Ecology of Games:The Ecology of Games and Its Enemies,Ecologies of games shaping large technical systems: Cases from telecommunications to the Internet,10.1111/j.1468-2885.1995.tb00116.x,1995,"https://scholar.google.com/scholar?cites=14503292442969378849&as_sdt=5,50&sciodt=0,50&hl=en",15,the ecology of games the ecology of games and its enemies,ecologies of games shaping large technical systems cases from telecommunications to the internet,0.3006535947712418
"No Respect? Disciplinarity and Media Studies in Communication
Feminist Communication Scholarship and “the Woman Question” in the Academy",[CITATION] No Respect? Disciplinarity and Media Studies in Communication Introduction: For The Study of Communication and Against the Discipline of …,10.1111/j.1468-2885.1995.tb00103.x,1995,"https://scholar.google.com/scholar?cites=5472971096905508365&as_sdt=5,50&sciodt=0,50&hl=en",29,no respect disciplinarity and media studies in communication feminist communication scholarship and the woman question in the academy,no respect disciplinarity and media studies in communication introduction for the study of communication and against the discipline of,0.7116104868913857
"No Respect? Disciplinarity and Media Studies in Communication
Media Communications vs. Cultural Studies: Overcoming the Divide",[CITATION] No Respect? Disciplinarity and Media Studies in Communication Introduction: For The Study of Communication and Against the Discipline of …,10.1111/j.1468-2885.1995.tb00104.x,1995,"https://scholar.google.com/scholar?cites=5472971096905508365&as_sdt=5,50&sciodt=0,50&hl=en",29,no respect disciplinarity and media studies in communication media communications vs cultural studies overcoming the divide,no respect disciplinarity and media studies in communication introduction for the study of communication and against the discipline of,0.708171206225681
The “Connected” Caregivers: Exploring the Interplay of Left-Behind Women’s Socio-Structural Immobilities and Communicative Mobilities in Transnational Power Geometries,[PDF] The “Connected” Caregivers: Exploring the Interplay of Left-Behind Women's Socio-Structural Immobilities and Communicative Mobilities in Transnational …,10.1093/jcmc/zmac003,2022,"https://scholar.google.com/scholar?cites=1928362336783466238&as_sdt=5,50&sciodt=0,50&hl=en",1,the connected caregivers exploring the interplay of left behind women s socio structural immobilities and communicative mobilities in transnational power geometries,the connected caregivers exploring the interplay of left behind women s socio structural immobilities and communicative mobilities in transnational,0.9453376205787781
Technical Features of Asynchronous and Synchronous Community Platforms and their Effects on Community Cohesion: A Comparative Study of Forum-based and Chat-based Online Mental Health Communities,Technical Features of Asynchronous and Synchronous Community Platforms and their Effects on Community Cohesion: A Comparative Study of Forum-based and …,10.1093/jcmc/zmab016,2021,"https://scholar.google.com/scholar?cites=8652122271198123806&as_sdt=5,50&sciodt=0,50&hl=en",2,technical features of asynchronous and synchronous community platforms and their effects on community cohesion a comparative study of forum based and chat based online mental health communities,technical features of asynchronous and synchronous community platforms and their effects on community cohesion a comparative study of forum based and,0.8713450292397661
The Relationship between Cyberbalkanization and Opinion Polarization: Time-Series Analysis on Facebook Pages and Opinion Polls during the Hong Kong Occupy Movement and the Associated Debate on Political Reform,The relationship between cyberbalkanization and opinion polarization: Time-series analysis on Facebook pages and opinion polls during the Hong Kong Occupy …,10.1111/jcc4.12192,2017,"https://scholar.google.com/scholar?cites=4862892029207352251&as_sdt=5,50&sciodt=0,50&hl=en",71,the relationship between cyberbalkanization and opinion polarization time series analysis on facebook pages and opinion polls during the hong kong occupy movement and the associated debate on political reform,the relationship between cyberbalkanization and opinion polarization time series analysis on facebook pages and opinion polls during the hong kong occupy,0.8476454293628809
The Double-Edged Sword: The Effects of Journalists' Social Media Activities on Audience Perceptions of Journalists and Their News Products,[BOOK] The Effects of Journalists' Social Media Activities on Audience Perceptions of Journalists and their News Products,10.1111/jcc4.12113,2015,"https://scholar.google.com/scholar?q=related:Xw--adE1gp4J:scholar.google.com/&scioq=The+Double-Edged+Sword:+The+Effects+of+Journalists%27+Social+Media+Activities+on+Audience+Perceptions+of+Journalists+and+Their+News+Products,+Journal+of+Computer-Mediated+Communication,+Jayeon+Lee&hl=en&as_sdt=0,50",0,the double edged sword the effects of journalists social media activities on audience perceptions of journalists and their news products,book the effects of journalists social media activities on audience perceptions of journalists and their news products,0.9133858267716536
Cultivating Social Resources on Social Network Sites: Facebook Relationship Maintenance Behaviors and Their Role in Social Capital Processes,[PDF] Network Sites: Facebook Relationship Maintenance Behaviors and Their Role in Social Capital Processes. Journal of Computer-Mediated Communication.,10.1111/jcc4.12078,2014,"https://scholar.google.com/scholar?q=related:vwcvL6JyBoQJ:scholar.google.com/&scioq=Cultivating+Social+Resources+on+Social+Network+Sites:+Facebook+Relationship+Maintenance+Behaviors+and+Their+Role+in+Social+Capital+Processes,+Journal+of+Computer-Mediated+Communication,+Nicole+B.+Ellison&hl=en&as_sdt=0,50",0,cultivating social resources on social network sites facebook relationship maintenance behaviors and their role in social capital processes,network sites facebook relationship maintenance behaviors and their role in social capital processes journal of computer mediated communication,0.7092198581560284
The Aceh Besar midwives with mobile phones project: Design and evaluation perspectives using the information and communication technologies for healthcare development model,The Aceh Besar midwives with mobile phones project: Design and evaluation perspectives using the information and communication technologies for healthcare …,10.1111/j.1083-6101.2010.01515.x,2010,"https://scholar.google.com/scholar?cites=8772066352018578227&as_sdt=5,50&sciodt=0,50&hl=en",180,the aceh besar midwives with mobile phones project design and evaluation perspectives using the information and communication technologies for healthcare development model,the aceh besar midwives with mobile phones project design and evaluation perspectives using the information and communication technologies for healthcare,0.9444444444444444
"The Faces of Facebookers: Investigating Social Enhancement and Social Compensation Hypotheses; Predicting Facebook™ and Offline Popularity from Sociability and Self-Esteem, and Mapping the Meanings of Popularity with Semantic Networks",The faces of Facebookers: Investigating social enhancement and social compensation hypotheses; predicting Facebook™ and offline popularity from sociability and …,10.1111/j.1083-6101.2008.01429.x,2008,"https://scholar.google.com/scholar?cites=15592311603381234619&as_sdt=5,50&sciodt=0,50&hl=en",1030,the faces of facebookers investigating social enhancement and social compensation hypotheses predicting facebook and offline popularity from sociability and self esteem and mapping the meanings of popularity with semantic networks,the faces of facebookers investigating social enhancement and social compensation hypotheses predicting facebook and offline popularity from sociability and,0.8082901554404145
"Researching Internet-Based Populations: Advantages and Disadvantages of Online Survey Research, Online Questionnaire Authoring Software Packages, and Web Survey Services","Researching Internet-based populations: Advantages and disadvantages of online survey research, online questionnaire authoring software packages, and web …",10.1111/j.1083-6101.2005.tb00259.x,2005,"https://scholar.google.com/scholar?cites=15623791579523961397&as_sdt=5,50&sciodt=0,50&hl=en",4093,researching internet based populations advantages and disadvantages of online survey research online questionnaire authoring software packages and web survey services,researching internet based populations advantages and disadvantages of online survey research online questionnaire authoring software packages and web,0.9493670886075949
“a Funky Language for Teenzz to Use:” Representing Gulf Arabic in Instant Messaging,A funky language for teenzz to use,10.1111/j.1083-6101.2003.tb00355.x,2003,"https://scholar.google.com/scholar?cites=4421945435662692511&as_sdt=5,50&sciodt=0,50&hl=en",108,a funky language for teenzz to use representing gulf arabic in instant messaging,a funky language for teenzz to use,0.5964912280701754
"Jcmc Volume 9, Issue 1: the Multilingual Internet. Apec Multilingual International Trade Project: Methodology and Case Reports on Needs Assessment",[CITATION] Apec multilingual international trade project: Methodology and case reports on needs assessment,10.1111/j.1083-6101.2003.tb00363.x,2003,"https://scholar.google.com/scholar?cites=6166076603200035335&as_sdt=5,50&sciodt=0,50&hl=en",8,jcmc volume issue the multilingual internet apec multilingual international trade project methodology and case reports on needs assessment,apec multilingual international trade project methodology and case reports on needs assessment,0.8103448275862069
Networked Interactivity,[CITATION] Networked Interactivity Journal of Computer Mediated Communication,10.1111/j.1083-6101.1997.tb00201.x,1997,"https://scholar.google.com/scholar?cites=10409228914954232551&as_sdt=5,50&sciodt=0,50&hl=en",5,networked interactivity,networked interactivity journal of computer mediated communication,0.5168539325842697
Customary Law & Power in Internet Communities,The Geneva Conventions as customary law,10.1111/j.1083-6101.1996.tb00182.x,1996,"https://scholar.google.com/scholar?cites=10554228552990132471&as_sdt=5,50&sciodt=0,50&hl=en",515,customary law power in internet communities,the geneva conventions as customary law,0.3170731707317073
The Internet as Mass Medium,[CITATION] The Internet as Mass Medium Journal of Computer-Mediated Communication,10.1111/j.1083-6101.1996.tb00174.x,1996,"https://scholar.google.com/scholar?cites=12964813971526476227&as_sdt=5,50&sciodt=0,50&hl=en",8,the internet as mass medium,the internet as mass medium journal of computer mediated communication,0.5567010309278351
The Internet and U. S. Communication Policy-Making in Historical and Critical Perspective: McChesney,The internet and US communication policy-making in historical and critical perspective.,10.1111/j.1083-6101.1996.tb00177.x,1996,"https://scholar.google.com/scholar?cites=9968802015027396555&as_sdt=5,50&sciodt=0,50&hl=en",318,the internet and u s communication policy making in historical and critical perspective mcchesney,the internet and us communication policy making in historical and critical perspective,0.9398907103825137
"From 〈Bonehead〉 to 〈cLoNehEad〉: Nicknames, Play, and Identity on Internet Relay Chat","[CITATION] From< Bonehead> to< cLoNehEAd>: Nicknames, Play and Identityon Internet Relay Chat [Electronoc resource]",10.1111/j.1083-6101.1995.tb00325.x,1995,"https://scholar.google.com/scholar?cites=6729917923988909396&as_sdt=5,50&sciodt=0,50&hl=en",2,from bonehead to clonehead nicknames play and identity on internet relay chat,from bonehead to clonehead nicknames play and identityon internet relay chat electronoc resource,0.8786127167630058
Making #BlackLivesMatter in the Shadow of Selma: Collective Memory and Racial Justice Activism in U.S. News,[BOOK] Making is connecting,10.1093/ccc/tcab007,2021,"https://scholar.google.com/scholar?cites=2620452955889434842&as_sdt=5,50&sciodt=0,50&hl=en",1857,making blacklivesmatter in the shadow of selma collective memory and racial justice activism in u s news,book making is connecting,0.26356589147286824
#MeToo and the Politics of Collective Healing: Emotional Connection as Contestation,Advances in molecular quantum chemistry contained in the Q-Chem 4 program package,10.1093/ccc/tcz032,2020,"https://scholar.google.com/scholar?cites=10921705582866784178&as_sdt=5,50&sciodt=0,50&hl=en",2629,metoo and the politics of collective healing emotional connection as contestation,advances in molecular quantum chemistry contained in the q chem program package,0.1875
Remaking the #Syllabus: Crowdsourcing Resistance Praxis as Critical Public Pedagogy,Remaking the modern,10.1093/ccc/tcaa017,2020,"https://scholar.google.com/scholar?cites=3502832105095252818&as_sdt=5,50&sciodt=0,50&hl=en",435,remaking the syllabus crowdsourcing resistance praxis as critical public pedagogy,remaking the modern,0.3
#ThisEndsHere: Confronting Sexual Assault and Harassment in Our Campus Communities,User profiles for b,10.1093/ccc/tcy016,2018,"https://scholar.google.com/scholar?cites=3757890252150429594&as_sdt=5,50&sciodt=0,50&hl=en",2996,thisendshere confronting sexual assault and harassment in our campus communities,user profiles for b,0.2222222222222222
Toxic Identification: #Twinks4Trump and the Homonationalist Rearticulation of Queer Vernacular Rhetoric,Jatropha curcas toxicity: identification of toxic principle (s).,10.1093/ccc/tcx006,2018,"https://scholar.google.com/scholar?cites=1865279692605317981&as_sdt=5,50&sciodt=0,50&hl=en",150,toxic identification twinks trump and the homonationalist rearticulation of queer vernacular rhetoric,jatropha curcas toxicity identification of toxic principle s,0.36024844720496896
"#nolitetebastardescarborundorum: Self-Publishing, Hashtag Activism, and Feminist Resistance",Advances in molecular quantum chemistry contained in the Q-Chem 4 program package,10.1093/ccc/tcx016,2018,"https://scholar.google.com/scholar?cites=10921705582866784178&as_sdt=5,50&sciodt=0,50&hl=en",2629,nolitetebastardescarborundorum self publishing hashtag activism and feminist resistance,advances in molecular quantum chemistry contained in the q chem program package,0.08433734939759036
